{
    "accuracy": [
        0.47320061922073364,
        0.6163859367370605,
        0.674578845500946,
        0.7044410705566406,
        0.7098008990287781,
        0.7480857372283936,
        0.7503828406333923,
        0.7618682980537415,
        0.7679938673973083,
        0.7718223333358765,
        0.8093414902687073,
        0.845329225063324,
        0.8460949659347534,
        0.8392036557197571,
        0.8460949659347534
    ],
    "epoch": [
        0,
        1,
        2,
        3,
        4,
        5,
        6,
        7,
        8,
        9,
        10,
        11,
        12,
        13,
        14
    ],
    "learning_rate": [
        0.0010000000474974513,
        0.0010000000474974513,
        0.0010000000474974513,
        0.0010000000474974513,
        0.0010000000474974513,
        0.0010000000474974513,
        0.0010000000474974513,
        0.0010000000474974513,
        0.0010000000474974513,
        0.0010000000474974513,
        0.00010000000474974513,
        0.00010000000474974513,
        0.00010000000474974513,
        1.0000000656873453e-05,
        1.0000000656873453e-05
    ],
    "loss": [
        1.8726152181625366,
        1.3130788803100586,
        1.1574798822402954,
        0.994988739490509,
        0.9503438472747803,
        0.8318520784378052,
        0.7958672046661377,
        0.786388635635376,
        0.7599867582321167,
        0.7172571420669556,
        0.6373118162155151,
        0.49250560998916626,
        0.4783001244068146,
        0.5049569010734558,
        0.4531988799571991
    ],
    "lr": [
        0.0010000000474974513,
        0.0010000000474974513,
        0.0010000000474974513,
        0.0010000000474974513,
        0.0010000000474974513,
        0.0010000000474974513,
        0.0010000000474974513,
        0.0010000000474974513,
        0.0010000000474974513,
        0.0010000000474974513,
        0.00010000000474974513,
        0.00010000000474974513,
        0.00010000000474974513,
        1.0000000656873453e-05,
        1.0000000656873453e-05
    ],
    "timestamp": "2026-03-18_150940",
    "training time (s)": 694.47,
    "val_accuracy": [
        0.16756756603717804,
        0.0648648664355278,
        0.027027027681469917,
        0.037837836891412735,
        0.0324324332177639,
        0.318918913602829,
        0.15675675868988037,
        0.21621622145175934,
        0.07027027010917664,
        0.01621621660888195,
        0.318918913602829,
        0.7621621489524841,
        0.7567567825317383,
        0.8756756782531738,
        0.8702702522277832
    ],
    "val_loss": [
        2.608917713165283,
        3.180894374847412,
        2.9405689239501953,
        3.363859176635742,
        3.7573776245117188,
        2.4431862831115723,
        2.6318585872650146,
        2.870912551879883,
        3.7339303493499756,
        3.1998393535614014,
        2.779193639755249,
        0.9109873175621033,
        0.9248679280281067,
        0.6863042116165161,
        0.6066159009933472
    ]
}