{
    "accuracy": [
        0.7011772990226746,
        0.8169038891792297,
        0.8473027348518372,
        0.8765770792961121,
        0.8907046318054199,
        0.9075733423233032,
        0.9213143587112427,
        0.9271481037139893,
        0.9390968084335327,
        0.9454577565193176,
        0.9780003428459167,
        0.9889650344848633,
        0.9923036098480225,
        0.9938850998878479,
        0.9947987794876099
    ],
    "epoch": [
        0,
        1,
        2,
        3,
        4,
        5,
        6,
        7,
        8,
        9,
        10,
        11,
        12,
        13,
        14
    ],
    "learning_rate": [
        0.0010000000474974513,
        0.0010000000474974513,
        0.0010000000474974513,
        0.0010000000474974513,
        0.0010000000474974513,
        0.0010000000474974513,
        0.0010000000474974513,
        0.0010000000474974513,
        0.0010000000474974513,
        0.0010000000474974513,
        0.00010000000474974513,
        0.00010000000474974513,
        0.00010000000474974513,
        1.0000000656873453e-05,
        1.0000000656873453e-05
    ],
    "loss": [
        0.9420722126960754,
        0.5353012084960938,
        0.4311330020427704,
        0.3450041115283966,
        0.30310916900634766,
        0.25493088364601135,
        0.21857580542564392,
        0.2003147304058075,
        0.16642756760120392,
        0.15367919206619263,
        0.06401608884334564,
        0.03611280396580696,
        0.02586478553712368,
        0.020908009260892868,
        0.018007952719926834
    ],
    "lr": [
        0.0010000000474974513,
        0.0010000000474974513,
        0.0010000000474974513,
        0.0010000000474974513,
        0.0010000000474974513,
        0.0010000000474974513,
        0.0010000000474974513,
        0.0010000000474974513,
        0.0010000000474974513,
        0.0010000000474974513,
        0.00010000000474974513,
        0.00010000000474974513,
        0.00010000000474974513,
        1.0000000656873453e-05,
        1.0000000656873453e-05
    ],
    "timestamp": "2025-10-09_140052",
    "training time (s)": 14193.5,
    "val_accuracy": [
        0.010845383629202843,
        0.06952168792486191,
        0.011401557363569736,
        0.0892658531665802,
        0.121523916721344,
        0.03781979903578758,
        0.046162404119968414,
        0.02892102301120758,
        0.05478309094905853,
        0.010289209894835949,
        0.8770856261253357,
        0.8776417970657349,
        0.8832035660743713,
        0.8840377926826477,
        0.8865405917167664
    ],
    "val_loss": [
        8.33558464050293,
        5.259397029876709,
        7.232916831970215,
        6.654855728149414,
        4.282796382904053,
        12.93190860748291,
        9.058981895446777,
        20.395938873291016,
        10.130720138549805,
        11.282439231872559,
        0.4875631630420685,
        0.5299391150474548,
        0.5237547159194946,
        0.5354287624359131,
        0.526467502117157
    ]
}